date,atm_id,total_demand
2024-11-08,1,146132.97
2024-11-09,1,176991.81
2024-11-10,1,232258.93
2024-11-11,1,135724.66
2024-11-12,1,151064.72
2024-11-13,1,142611.31
2024-11-14,1,118879.96
2024-11-15,1,179221.72
2024-11-16,1,184126.17
2024-11-17,1,193172.53
2024-11-18,1,107126.44
2024-11-19,1,96857.07
2024-11-20,1,159313.59
2024-11-21,1,104366.47
2024-11-22,1,152595.75
2024-11-23,1,205306.65
2024-11-24,1,243686.52
2024-11-25,1,150643.19
2024-11-26,1,171078.16
2024-11-27,1,167502.15
2024-11-28,1,135664.7
2024-11-29,1,168482.73
2024-11-30,1,193577.33
2024-12-01,1,212463.66
2024-12-02,1,119832.58
2024-12-03,1,110277.97
2024-12-04,1,145053.92
2024-12-05,1,165401.98
2024-12-06,1,168354.74
2024-12-07,1,173567.74
2024-12-08,1,189803.05
2024-12-09,1,162631.77
2024-12-10,1,159625.46
2024-12-11,1,144423.8
2024-12-12,1,106459.08
2024-12-13,1,135622.33
2024-12-14,1,196800.08
2024-12-15,1,316175.96
2024-12-16,1,117672.34
2024-12-17,1,101052.06
2024-12-18,1,126818.66
2024-12-19,1,167643.5
2024-12-20,1,157591.86
2024-12-21,1,141751.4
2024-12-22,1,188609.88
2024-12-23,1,176080.39
2024-12-24,1,125177.78
2024-12-25,1,153399.05
2024-12-26,1,195980.34
2024-12-27,1,178128.13
2024-12-28,1,220553.64
2024-12-29,1,222222.47
2024-12-30,1,171381.38
2024-12-31,1,168829.21
2025-01-01,1,91485.52
2025-01-02,1,81690.81
2025-01-03,1,81238.68
2025-01-04,1,94180.35
2025-01-05,1,97055.32
2025-01-06,1,52973.12
2025-01-07,1,63683.23
2025-01-08,1,72853.92
2025-01-09,1,58270.05
2025-01-10,1,92288.06
2025-01-11,1,104155.44
2025-01-12,1,120056.23
2025-01-13,1,80071.12
2025-01-14,1,68338.03
2025-01-15,1,83231.24
2025-01-16,1,66344.44
2025-01-17,1,74101.75
2025-01-18,1,116764.86
2025-01-19,1,109004.18
2025-01-20,1,77596.33
2025-01-21,1,71870.81
2025-01-22,1,71443.33
2025-01-23,1,76905.99
2025-01-24,1,82418.65
2025-01-25,1,141569.91
2025-01-26,1,107296.66
2025-01-27,1,70572.77
2025-01-28,1,69094.88
2025-01-29,1,75143.66
2025-01-30,1,102374.25
2025-01-31,1,80882.18
2025-02-01,1,174362.35
2025-02-02,1,113598.77
2025-02-03,1,76245.5
2025-02-04,1,74952.7
2025-02-05,1,73691.06
2025-02-06,1,56557.15
2025-02-07,1,79296.56
2025-02-08,1,82161.02
2025-02-09,1,104131.72
2025-02-10,1,67414.49
2025-02-11,1,61770.4
2025-02-12,1,69571.22
2025-02-13,1,87415.51
2025-02-14,1,86527.26
2025-02-15,1,136353.4
2025-02-16,1,97244.95
2025-02-17,1,83940.2
2025-02-18,1,77604.05
2025-02-19,1,68322.05
2025-02-20,1,73082.56
2025-02-21,1,68764.28
2025-02-22,1,112265.98
2025-02-23,1,117963.9
2025-02-24,1,98297.02
2025-02-25,1,82288.14
2025-02-26,1,79378.93
2025-02-27,1,75124.04
2025-02-28,1,65769.08
2025-03-01,1,131927.17
2025-03-02,1,101462.6
2025-03-03,1,87854.91
2025-03-04,1,69140.74
2025-03-05,1,93080.66
2025-03-06,1,74753.15
2025-03-07,1,85434.56
2025-03-08,1,148855.42
2025-03-09,1,105870.79
2025-03-10,1,87448.63
2025-03-11,1,61588.38
2025-03-12,1,88409.25
2025-03-13,1,84680.91
2025-03-14,1,85722.29
2025-03-15,1,143987.56
2025-03-16,1,121866.25
2025-03-17,1,91903.65
2025-03-18,1,84804.8
2025-03-19,1,67508.26
2025-03-20,1,112505.68
2025-03-21,1,80342.15
2025-03-22,1,140164.82
2025-03-23,1,127137.6
2025-03-24,1,80346.85
2025-03-25,1,110366.69
2025-03-26,1,100404.23
2025-03-27,1,101280.04
2025-03-28,1,94685.2
2025-03-29,1,120738.0
2025-03-30,1,107734.5
2025-03-31,1,120361.19
2025-04-01,1,117348.67
2025-04-02,1,71941.62
2025-04-03,1,86796.3
2025-04-04,1,84649.18
2025-04-05,1,117212.25
2025-04-06,1,75727.31
2025-04-07,1,95126.87
2025-04-08,1,72048.27
2025-04-09,1,90566.14
2025-04-10,1,76763.96
2025-04-11,1,96259.65
2025-04-12,1,152438.37
2025-04-13,1,113024.26
2025-04-14,1,71454.48
2025-04-15,1,108934.85
2025-04-16,1,95717.91
2025-04-17,1,90147.56
2025-04-18,1,96109.04
2025-04-19,1,130329.78
2025-04-20,1,109444.39
2025-04-21,1,73073.16
2025-04-22,1,71565.55
2025-04-23,1,85893.17
2025-04-24,1,50533.79
2025-04-25,1,98856.05
2025-04-26,1,121608.94
2025-04-27,1,138542.28
2025-04-28,1,100876.0
2025-04-29,1,101666.74
2025-04-30,1,66199.01
2025-05-01,1,104678.75
2025-05-02,1,83361.15
2025-05-03,1,97693.58
2025-05-04,1,142282.47
2025-05-05,1,101706.44
2025-05-06,1,74677.56
2025-05-07,1,81700.35
2025-05-08,1,69777.46
2025-05-09,1,59763.93
2025-05-10,1,110694.21
2025-05-11,1,130095.06
2025-05-12,1,77405.32
2025-05-13,1,82483.94
2025-05-14,1,75145.81
2025-05-15,1,117806.21
2025-05-16,1,82920.9
2025-05-17,1,130767.54
2025-05-18,1,130342.21
2025-05-19,1,87673.16
2025-05-20,1,76142.41
2025-05-21,1,95520.0
2025-05-22,1,89978.43
2025-05-23,1,86130.38
2025-05-24,1,109172.92
2025-05-25,1,150613.29
2025-05-26,1,92931.63
2025-05-27,1,133124.97
2025-05-28,1,107615.83
2025-05-29,1,100291.62
2025-05-30,1,98056.25
2025-05-31,1,147077.25
2025-06-01,1,123610.08
2025-06-02,1,53958.82
2025-06-03,1,61392.72
2025-06-04,1,102605.17
2025-06-05,1,65604.44
2025-06-06,1,89764.03
2025-06-07,1,79641.96
2025-06-08,1,146565.49
2025-06-09,1,63172.63
2025-06-10,1,95718.41
2025-06-11,1,72565.49
2025-06-12,1,59846.17
2025-06-13,1,81783.42
2025-06-14,1,106538.81
2025-06-15,1,155428.01
2025-06-16,1,80682.22
2025-06-17,1,86814.31
2025-06-18,1,74950.08
2025-06-19,1,76277.13
2025-06-20,1,74260.1
2025-06-21,1,106038.66
2025-06-22,1,81743.27
2025-06-23,1,74128.34
2025-06-24,1,67153.18
2025-06-25,1,71535.13
2025-06-26,1,91031.17
2025-06-27,1,81945.13
2025-06-28,1,139751.92
2025-06-29,1,150931.78
2025-06-30,1,120616.99
2025-07-01,1,93471.31
2025-07-02,1,76737.03
2025-07-03,1,79230.44
2025-07-04,1,85838.39
2025-07-05,1,129597.41
2025-07-06,1,89689.05
2025-07-07,1,48824.51
2025-07-08,1,91147.99
2025-07-09,1,84149.21
2025-07-10,1,71059.53
2025-07-11,1,73401.34
2025-07-12,1,128262.0
2025-07-13,1,120804.33
2025-07-14,1,84342.27
2025-07-15,1,88103.79
2025-07-16,1,72781.98
2025-07-17,1,91023.51
2025-07-18,1,84985.14
2025-07-19,1,125883.24
2025-07-20,1,123598.75
2025-07-21,1,76493.5
2025-07-22,1,88326.47
2025-07-23,1,71756.66
2025-07-24,1,99574.77
2025-07-25,1,117315.18
2025-07-26,1,142284.04
2025-07-27,1,125993.01
2025-07-28,1,92002.16
2025-07-29,1,101150.89
2025-07-30,1,97735.0
2025-07-31,1,118388.87
2025-08-01,1,105414.8
2025-08-02,1,152988.84
2025-08-03,1,108149.43
2025-08-04,1,78227.02
2025-08-05,1,58390.41
2025-08-06,1,49969.31
2025-08-07,1,91480.43
2025-08-08,1,77734.63
2025-08-09,1,131236.31
2025-08-10,1,116925.31
2025-08-11,1,96169.6
2025-08-12,1,93166.12
2025-08-13,1,100376.43
2025-08-14,1,78255.53
2025-08-15,1,120774.84
2025-08-16,1,116809.65
2025-08-17,1,124965.05
2025-08-18,1,91196.96
2025-08-19,1,65628.34
2025-08-20,1,87427.9
2025-08-21,1,72725.16
2025-08-22,1,67511.16
2025-08-23,1,117333.04
2025-08-24,1,122611.57
2025-08-25,1,95025.04
2025-08-26,1,113024.29
2025-08-27,1,78789.31
2025-08-28,1,113126.67
2025-08-29,1,96441.6
2025-08-30,1,134815.84
2025-08-31,1,77176.8
2025-09-01,1,87852.34
2025-09-02,1,72221.73
2025-09-03,1,69740.94
2025-09-04,1,94087.08
2025-09-05,1,96480.08
2025-09-06,1,100254.99
2025-09-07,1,111540.31
2025-09-08,1,87355.06
2025-09-09,1,92691.41
2025-09-10,1,81964.09
2025-09-11,1,96237.95
2025-09-12,1,74013.29
2025-09-13,1,144320.78
2025-09-14,1,125043.17
2025-09-15,1,139496.37
2025-09-16,1,99074.44
2025-09-17,1,67585.74
2025-09-18,1,81374.1
2025-09-19,1,90841.64
2025-09-20,1,109613.05
2025-09-21,1,114005.39
2025-09-22,1,95985.86
2025-09-23,1,113960.98
2025-09-24,1,82163.45
2025-09-25,1,78796.88
2025-09-26,1,104590.72
2025-09-27,1,139744.02
2025-09-28,1,76715.74
2025-09-29,1,100320.14
2025-09-30,1,112087.22
2025-10-01,1,130637.49
2025-10-02,1,82664.83
2025-10-03,1,100565.47
2025-10-04,1,127973.99
2025-10-05,1,86304.47
2025-10-06,1,89218.35
2025-10-07,1,89420.55
2025-10-08,1,87968.03
2025-10-09,1,81207.1
2025-10-10,1,109484.69
2025-10-11,1,138070.57
2025-10-12,1,125000.19
2025-10-13,1,85433.85
2025-10-14,1,67496.04
2025-10-15,1,102489.23
2025-10-16,1,74659.74
2025-10-17,1,85091.53
2025-10-18,1,116462.68
2025-10-19,1,140271.98
2025-10-20,1,91800.33
2025-10-21,1,98580.94
2025-10-22,1,88582.87
2025-10-23,1,64115.13
2025-10-24,1,95112.99
2025-10-25,1,143453.26
2025-10-26,1,162567.73
2025-10-27,1,85829.18
2025-10-28,1,86283.87
2025-10-29,1,95545.93
2025-10-30,1,106344.66
2025-10-31,1,77390.49
2025-11-01,1,207423.01
2025-11-02,1,171261.51
2025-11-03,1,161248.14
2024-11-08,2,31825.96
2024-11-09,2,24601.49
2024-11-10,2,21979.54
2024-11-11,2,27343.66
2024-11-12,2,33335.42
2024-11-13,2,30622.72
2024-11-14,2,30992.59
2024-11-15,2,36693.8
2024-11-16,2,23968.65
2024-11-17,2,26055.5
2024-11-18,2,30449.35
2024-11-19,2,32370.74
2024-11-20,2,36165.67
2024-11-21,2,32834.24
2024-11-22,2,26499.54
2024-11-23,2,23763.46
2024-11-24,2,24366.95
2024-11-25,2,33149.37
2024-11-26,2,32569.56
2024-11-27,2,36966.7
2024-11-28,2,38236.82
2024-11-29,2,40255.41
2024-11-30,2,25233.13
2024-12-01,2,31336.41
2024-12-02,2,31940.66
2024-12-03,2,36974.58
2024-12-04,2,36276.34
2024-12-05,2,25500.17
2024-12-06,2,26465.65
2024-12-07,2,25649.27
2024-12-08,2,23150.38
2024-12-09,2,32602.39
2024-12-10,2,36359.36
2024-12-11,2,29751.84
2024-12-12,2,25638.61
2024-12-13,2,31092.79
2024-12-14,2,22792.97
2024-12-15,2,24989.6
2024-12-16,2,34898.11
2024-12-17,2,39100.13
2024-12-18,2,35536.39
2024-12-19,2,33063.91
2024-12-20,2,23926.15
2024-12-21,2,22560.44
2024-12-22,2,26009.42
2024-12-23,2,32671.91
2024-12-24,2,29692.89
2024-12-25,2,32018.0
2024-12-26,2,42317.69
2024-12-27,2,48079.67
2024-12-28,2,22901.54
2024-12-29,2,29111.22
2024-12-30,2,28060.1
2024-12-31,2,45456.79
2025-01-01,2,67449.78
2025-01-02,2,52548.08
2025-01-03,2,36925.22
2025-01-04,2,33744.84
2025-01-05,2,32996.95
2025-01-06,2,67648.47
2025-01-07,2,59157.29
2025-01-08,2,64318.11
2025-01-09,2,44517.03
2025-01-10,2,64586.41
2025-01-11,2,37837.53
2025-01-12,2,26646.74
2025-01-13,2,45892.98
2025-01-14,2,64857.95
2025-01-15,2,79929.58
2025-01-16,2,58557.84
2025-01-17,2,53725.24
2025-01-18,2,41416.66
2025-01-19,2,34464.78
2025-01-20,2,56781.83
2025-01-21,2,69925.51
2025-01-22,2,60393.82
2025-01-23,2,56971.21
2025-01-24,2,50973.28
2025-01-25,2,45787.55
2025-01-26,2,53878.62
2025-01-27,2,56219.91
2025-01-28,2,67182.1
2025-01-29,2,74869.57
2025-01-30,2,80653.34
2025-01-31,2,55929.23
2025-02-01,2,44494.12
2025-02-02,2,41617.82
2025-02-03,2,51990.2
2025-02-04,2,68323.14
2025-02-05,2,49447.75
2025-02-06,2,37027.4
2025-02-07,2,54428.08
2025-02-08,2,47050.64
2025-02-09,2,42788.11
2025-02-10,2,39590.43
2025-02-11,2,54854.59
2025-02-12,2,49598.06
2025-02-13,2,62912.9
2025-02-14,2,56887.61
2025-02-15,2,44183.53
2025-02-16,2,28995.13
2025-02-17,2,54930.86
2025-02-18,2,57410.33
2025-02-19,2,45970.74
2025-02-20,2,44617.2
2025-02-21,2,72461.05
2025-02-22,2,38206.74
2025-02-23,2,32642.25
2025-02-24,2,54772.48
2025-02-25,2,66670.81
2025-02-26,2,76648.85
2025-02-27,2,50927.63
2025-02-28,2,47855.82
2025-03-01,2,54480.49
2025-03-02,2,43966.88
2025-03-03,2,78300.37
2025-03-04,2,58244.17
2025-03-05,2,69034.54
2025-03-06,2,80981.39
2025-03-07,2,57492.76
2025-03-08,2,48359.8
2025-03-09,2,53936.34
2025-03-10,2,61986.11
2025-03-11,2,69952.92
2025-03-12,2,68136.55
2025-03-13,2,72973.22
2025-03-14,2,70164.5
2025-03-15,2,69592.76
2025-03-16,2,45520.79
2025-03-17,2,72401.76
2025-03-18,2,70648.09
2025-03-19,2,49267.78
2025-03-20,2,59094.28
2025-03-21,2,66800.63
2025-03-22,2,50406.86
2025-03-23,2,60276.14
2025-03-24,2,56817.71
2025-03-25,2,68212.24
2025-03-26,2,60209.27
2025-03-27,2,103921.37
2025-03-28,2,65213.54
2025-03-29,2,57413.19
2025-03-30,2,38504.85
2025-03-31,2,97243.32
2025-04-01,2,92892.78
2025-04-02,2,83077.4
2025-04-03,2,47757.72
2025-04-04,2,82279.45
2025-04-05,2,44109.93
2025-04-06,2,51533.61
2025-04-07,2,52770.68
2025-04-08,2,65601.38
2025-04-09,2,73813.36
2025-04-10,2,57207.88
2025-04-11,2,64241.09
2025-04-12,2,52871.33
2025-04-13,2,42745.1
2025-04-14,2,69175.99
2025-04-15,2,97308.22
2025-04-16,2,70330.65
2025-04-17,2,64764.09
2025-04-18,2,51876.7
2025-04-19,2,53073.7
2025-04-20,2,44882.11
2025-04-21,2,75588.33
2025-04-22,2,54588.92
2025-04-23,2,76328.31
2025-04-24,2,71609.28
2025-04-25,2,56787.96
2025-04-26,2,41964.47
2025-04-27,2,40885.04
2025-04-28,2,66318.54
2025-04-29,2,80454.08
2025-04-30,2,66686.49
2025-05-01,2,81479.73
2025-05-02,2,46651.97
2025-05-03,2,51773.23
2025-05-04,2,34153.49
2025-05-05,2,78607.92
2025-05-06,2,69134.6
2025-05-07,2,80586.81
2025-05-08,2,66393.7
2025-05-09,2,72292.12
2025-05-10,2,44776.9
2025-05-11,2,42977.41
2025-05-12,2,78400.77
2025-05-13,2,63525.09
2025-05-14,2,68968.76
2025-05-15,2,87540.92
2025-05-16,2,57737.2
2025-05-17,2,51898.92
2025-05-18,2,37042.06
2025-05-19,2,60206.55
2025-05-20,2,61009.5
2025-05-21,2,56545.48
2025-05-22,2,63993.59
2025-05-23,2,66923.83
2025-05-24,2,37168.64
2025-05-25,2,43912.26
2025-05-26,2,81513.24
2025-05-27,2,83547.38
2025-05-28,2,81385.72
2025-05-29,2,77485.33
2025-05-30,2,77336.73
2025-05-31,2,61273.74
2025-06-01,2,70966.31
2025-06-02,2,75953.43
2025-06-03,2,66030.87
2025-06-04,2,59981.75
2025-06-05,2,67349.32
2025-06-06,2,60071.41
2025-06-07,2,49012.38
2025-06-08,2,33082.85
2025-06-09,2,61638.03
2025-06-10,2,51829.37
2025-06-11,2,62066.34
2025-06-12,2,55474.06
2025-06-13,2,54263.44
2025-06-14,2,44847.24
2025-06-15,2,57448.08
2025-06-16,2,67944.22
2025-06-17,2,62211.03
2025-06-18,2,53758.54
2025-06-19,2,63078.14
2025-06-20,2,45935.6
2025-06-21,2,44912.59
2025-06-22,2,37198.28
2025-06-23,2,59233.79
2025-06-24,2,53251.63
2025-06-25,2,76490.28
2025-06-26,2,79811.45
2025-06-27,2,63656.94
2025-06-28,2,53228.15
2025-06-29,2,67334.52
2025-06-30,2,62846.17
2025-07-01,2,93902.05
2025-07-02,2,56079.16
2025-07-03,2,64786.98
2025-07-04,2,67370.95
2025-07-05,2,49180.03
2025-07-06,2,39563.15
2025-07-07,2,61781.27
2025-07-08,2,59576.83
2025-07-09,2,78039.22
2025-07-10,2,61161.6
2025-07-11,2,63707.02
2025-07-12,2,51490.97
2025-07-13,2,52664.19
2025-07-14,2,66040.25
2025-07-15,2,69637.53
2025-07-16,2,69665.04
2025-07-17,2,50333.75
2025-07-18,2,47256.01
2025-07-19,2,47196.09
2025-07-20,2,51841.47
2025-07-21,2,76231.12
2025-07-22,2,69949.46
2025-07-23,2,57254.85
2025-07-24,2,69659.95
2025-07-25,2,87768.11
2025-07-26,2,43711.52
2025-07-27,2,44142.03
2025-07-28,2,76119.45
2025-07-29,2,65074.9
2025-07-30,2,60317.44
2025-07-31,2,79684.74
2025-08-01,2,102018.79
2025-08-02,2,56597.17
2025-08-03,2,41820.49
2025-08-04,2,69717.8
2025-08-05,2,59299.98
2025-08-06,2,60127.63
2025-08-07,2,103280.82
2025-08-08,2,68212.71
2025-08-09,2,58116.76
2025-08-10,2,46965.42
2025-08-11,2,79358.54
2025-08-12,2,63142.59
2025-08-13,2,72579.72
2025-08-14,2,54698.56
2025-08-15,2,82538.87
2025-08-16,2,46137.27
2025-08-17,2,44440.36
2025-08-18,2,49913.79
2025-08-19,2,37386.48
2025-08-20,2,69379.88
2025-08-21,2,62985.54
2025-08-22,2,58082.95
2025-08-23,2,41887.31
2025-08-24,2,56637.42
2025-08-25,2,78225.86
2025-08-26,2,81292.99
2025-08-27,2,81167.93
2025-08-28,2,93311.25
2025-08-29,2,74328.74
2025-08-30,2,47593.61
2025-08-31,2,49383.12
2025-09-01,2,59899.59
2025-09-02,2,57663.76
2025-09-03,2,73713.55
2025-09-04,2,46639.29
2025-09-05,2,69399.45
2025-09-06,2,50669.9
2025-09-07,2,31673.86
2025-09-08,2,74144.68
2025-09-09,2,67907.05
2025-09-10,2,65448.53
2025-09-11,2,72031.07
2025-09-12,2,65292.81
2025-09-13,2,28520.71
2025-09-14,2,39098.66
2025-09-15,2,68882.62
2025-09-16,2,69632.89
2025-09-17,2,63547.55
2025-09-18,2,80508.18
2025-09-19,2,55447.72
2025-09-20,2,46713.14
2025-09-21,2,38917.03
2025-09-22,2,66355.84
2025-09-23,2,61057.13
2025-09-24,2,84956.91
2025-09-25,2,68783.06
2025-09-26,2,89844.56
2025-09-27,2,64793.74
2025-09-28,2,68438.26
2025-09-29,2,59761.97
2025-09-30,2,51140.43
2025-10-01,2,89353.8
2025-10-02,2,61522.44
2025-10-03,2,56451.46
2025-10-04,2,28483.43
2025-10-05,2,38324.81
2025-10-06,2,79147.26
2025-10-07,2,89487.68
2025-10-08,2,57621.55
2025-10-09,2,77791.84
2025-10-10,2,53076.77
2025-10-11,2,49623.13
2025-10-12,2,43947.47
2025-10-13,2,66085.88
2025-10-14,2,68426.93
2025-10-15,2,90319.76
2025-10-16,2,54138.05
2025-10-17,2,44656.84
2025-10-18,2,47811.54
2025-10-19,2,44928.62
2025-10-20,2,73184.82
2025-10-21,2,79163.01
2025-10-22,2,44207.19
2025-10-23,2,47582.84
2025-10-24,2,63809.94
2025-10-25,2,53644.06
2025-10-26,2,48807.0
2025-10-27,2,83981.03
2025-10-28,2,66231.83
2025-10-29,2,71086.92
2025-10-30,2,70125.81
2025-10-31,2,56806.96
2025-11-01,2,28854.13
2025-11-02,2,26748.49
2025-11-03,2,34351.37
2024-11-08,3,251832.9
2024-11-09,3,351614.67
2024-11-10,3,311593.64
2024-11-11,3,293202.63
2024-11-12,3,256472.37
2024-11-13,3,234498.5
2024-11-14,3,242240.33
2024-11-15,3,324496.76
2024-11-16,3,298151.72
2024-11-17,3,303569.01
2024-11-18,3,254685.66
2024-11-19,3,263358.01
2024-11-20,3,315919.4
2024-11-21,3,225004.54
2024-11-22,3,198067.03
2024-11-23,3,304690.14
2024-11-24,3,289693.58
2024-11-25,3,296678.69
2024-11-26,3,251935.74
2024-11-27,3,262025.23
2024-11-28,3,302770.7
2024-11-29,3,323338.73
2024-11-30,3,525670.23
2024-12-01,3,427024.22
2024-12-02,3,280770.25
2024-12-03,3,344082.42
2024-12-04,3,134104.38
2024-12-05,3,222573.94
2024-12-06,3,255057.61
2024-12-07,3,385085.14
2024-12-08,3,367144.52
2024-12-09,3,273691.11
2024-12-10,3,260520.54
2024-12-11,3,270590.44
2024-12-12,3,232872.91
2024-12-13,3,273634.43
2024-12-14,3,340547.45
2024-12-15,3,289005.41
2024-12-16,3,209312.87
2024-12-17,3,256515.77
2024-12-18,3,265709.57
2024-12-19,3,341678.28
2024-12-20,3,250452.72
2024-12-21,3,234077.53
2024-12-22,3,312312.54
2024-12-23,3,233605.75
2024-12-24,3,201680.27
2024-12-25,3,266097.2
2024-12-26,3,303633.31
2024-12-27,3,237182.99
2024-12-28,3,376209.55
2024-12-29,3,351412.13
2024-12-30,3,270802.71
2024-12-31,3,326131.23
2025-01-01,3,161864.29
2025-01-02,3,85570.17
2025-01-03,3,95914.64
2025-01-04,3,161945.01
2025-01-05,3,178418.28
2025-01-06,3,128425.92
2025-01-07,3,152704.04
2025-01-08,3,120328.83
2025-01-09,3,118450.8
2025-01-10,3,118278.92
2025-01-11,3,159437.82
2025-01-12,3,126397.22
2025-01-13,3,113552.93
2025-01-14,3,134214.96
2025-01-15,3,118089.77
2025-01-16,3,125361.78
2025-01-17,3,113271.19
2025-01-18,3,166378.35
2025-01-19,3,145527.93
2025-01-20,3,112607.9
2025-01-21,3,136334.56
2025-01-22,3,130278.91
2025-01-23,3,103263.97
2025-01-24,3,115217.25
2025-01-25,3,191639.7
2025-01-26,3,171945.59
2025-01-27,3,141000.08
2025-01-28,3,145276.38
2025-01-29,3,171938.31
2025-01-30,3,128709.23
2025-01-31,3,141033.2
2025-02-01,3,220766.76
2025-02-02,3,193443.46
2025-02-03,3,126782.94
2025-02-04,3,134488.49
2025-02-05,3,112916.93
2025-02-06,3,104369.96
2025-02-07,3,95046.85
2025-02-08,3,168461.98
2025-02-09,3,143968.76
2025-02-10,3,114887.99
2025-02-11,3,123183.4
2025-02-12,3,104732.55
2025-02-13,3,124352.42
2025-02-14,3,155343.63
2025-02-15,3,252180.43
2025-02-16,3,148612.22
2025-02-17,3,135309.82
2025-02-18,3,122777.57
2025-02-19,3,99314.58
2025-02-20,3,94472.69
2025-02-21,3,142297.37
2025-02-22,3,182247.79
2025-02-23,3,145233.49
2025-02-24,3,143688.41
2025-02-25,3,176046.01
2025-02-26,3,138057.88
2025-02-27,3,176647.77
2025-02-28,3,171168.01
2025-03-01,3,200684.48
2025-03-02,3,191479.49
2025-03-03,3,147659.97
2025-03-04,3,138584.84
2025-03-05,3,145952.9
2025-03-06,3,157375.38
2025-03-07,3,150084.84
2025-03-08,3,204286.69
2025-03-09,3,157614.86
2025-03-10,3,160401.36
2025-03-11,3,153451.58
2025-03-12,3,141194.63
2025-03-13,3,145225.17
2025-03-14,3,146402.32
2025-03-15,3,240879.47
2025-03-16,3,215348.64
2025-03-17,3,132460.9
2025-03-18,3,171025.43
2025-03-19,3,130447.67
2025-03-20,3,173312.87
2025-03-21,3,115700.0
2025-03-22,3,216663.25
2025-03-23,3,170304.52
2025-03-24,3,122275.4
2025-03-25,3,162569.87
2025-03-26,3,176747.19
2025-03-27,3,185592.96
2025-03-28,3,208518.49
2025-03-29,3,187917.08
2025-03-30,3,167166.38
2025-03-31,3,192364.36
2025-04-01,3,150210.33
2025-04-02,3,140073.97
2025-04-03,3,134863.71
2025-04-04,3,131901.89
2025-04-05,3,182096.31
2025-04-06,3,190394.16
2025-04-07,3,155144.85
2025-04-08,3,148837.6
2025-04-09,3,158466.61
2025-04-10,3,147668.08
2025-04-11,3,151497.88
2025-04-12,3,190418.61
2025-04-13,3,161493.91
2025-04-14,3,170825.65
2025-04-15,3,217059.07
2025-04-16,3,136479.26
2025-04-17,3,119355.88
2025-04-18,3,123242.79
2025-04-19,3,207517.02
2025-04-20,3,208559.75
2025-04-21,3,152988.5
2025-04-22,3,165669.19
2025-04-23,3,124830.07
2025-04-24,3,156118.66
2025-04-25,3,221050.7
2025-04-26,3,202815.7
2025-04-27,3,206720.68
2025-04-28,3,193663.63
2025-04-29,3,154667.44
2025-04-30,3,163466.94
2025-05-01,3,207163.4
2025-05-02,3,148476.88
2025-05-03,3,227871.96
2025-05-04,3,157652.92
2025-05-05,3,108385.22
2025-05-06,3,156881.68
2025-05-07,3,160158.76
2025-05-08,3,158877.61
2025-05-09,3,190111.3
2025-05-10,3,195674.49
2025-05-11,3,199162.51
2025-05-12,3,167969.24
2025-05-13,3,157909.86
2025-05-14,3,131368.9
2025-05-15,3,203011.13
2025-05-16,3,127764.87
2025-05-17,3,143046.24
2025-05-18,3,226972.62
2025-05-19,3,155360.78
2025-05-20,3,127112.37
2025-05-21,3,115727.31
2025-05-22,3,91955.73
2025-05-23,3,158393.02
2025-05-24,3,175684.4
2025-05-25,3,229014.43
2025-05-26,3,167773.49
2025-05-27,3,167311.93
2025-05-28,3,169297.68
2025-05-29,3,126707.39
2025-05-30,3,135230.13
2025-05-31,3,190408.95
2025-06-01,3,169864.02
2025-06-02,3,108327.49
2025-06-03,3,141669.8
2025-06-04,3,117987.63
2025-06-05,3,128037.75
2025-06-06,3,124332.33
2025-06-07,3,179458.39
2025-06-08,3,154932.54
2025-06-09,3,156075.31
2025-06-10,3,100999.93
2025-06-11,3,115284.78
2025-06-12,3,128154.25
2025-06-13,3,146395.15
2025-06-14,3,195372.34
2025-06-15,3,205097.9
2025-06-16,3,152121.55
2025-06-17,3,152189.54
2025-06-18,3,159650.94
2025-06-19,3,116480.61
2025-06-20,3,134528.75
2025-06-21,3,188309.57
2025-06-22,3,176833.75
2025-06-23,3,110897.4
2025-06-24,3,149144.88
2025-06-25,3,185129.24
2025-06-26,3,199985.89
2025-06-27,3,156816.22
2025-06-28,3,220833.13
2025-06-29,3,215321.34
2025-06-30,3,145353.99
2025-07-01,3,164982.41
2025-07-02,3,198685.66
2025-07-03,3,133001.77
2025-07-04,3,147536.42
2025-07-05,3,160014.8
2025-07-06,3,206510.63
2025-07-07,3,116800.37
2025-07-08,3,131557.93
2025-07-09,3,136652.39
2025-07-10,3,136865.16
2025-07-11,3,98975.73
2025-07-12,3,196575.7
2025-07-13,3,181326.69
2025-07-14,3,172875.37
2025-07-15,3,162617.97
2025-07-16,3,141300.63
2025-07-17,3,123352.95
2025-07-18,3,151782.79
2025-07-19,3,151765.62
2025-07-20,3,189465.16
2025-07-21,3,148078.44
2025-07-22,3,178127.78
2025-07-23,3,149380.53
2025-07-24,3,138649.12
2025-07-25,3,156655.37
2025-07-26,3,213756.63
2025-07-27,3,200475.62
2025-07-28,3,129822.19
2025-07-29,3,157665.45
2025-07-30,3,156497.3
2025-07-31,3,167769.86
2025-08-01,3,207117.53
2025-08-02,3,196858.78
2025-08-03,3,157260.0
2025-08-04,3,153887.21
2025-08-05,3,124630.99
2025-08-06,3,133554.11
2025-08-07,3,99670.54
2025-08-08,3,135947.77
2025-08-09,3,191272.86
2025-08-10,3,213075.35
2025-08-11,3,131863.42
2025-08-12,3,152048.24
2025-08-13,3,124361.07
2025-08-14,3,152666.98
2025-08-15,3,196025.85
2025-08-16,3,231376.04
2025-08-17,3,134556.74
2025-08-18,3,142963.41
2025-08-19,3,171105.69
2025-08-20,3,90878.88
2025-08-21,3,132242.94
2025-08-22,3,182734.87
2025-08-23,3,145678.35
2025-08-24,3,210417.52
2025-08-25,3,117948.06
2025-08-26,3,149068.85
2025-08-27,3,137690.88
2025-08-28,3,179036.33
2025-08-29,3,167783.66
2025-08-30,3,193765.66
2025-08-31,3,176538.53
2025-09-01,3,178623.04
2025-09-02,3,166213.05
2025-09-03,3,164421.75
2025-09-04,3,149027.57
2025-09-05,3,181262.12
2025-09-06,3,196523.06
2025-09-07,3,158221.65
2025-09-08,3,108707.97
2025-09-09,3,152995.73
2025-09-10,3,159472.82
2025-09-11,3,125071.04
2025-09-12,3,111037.52
2025-09-13,3,224606.2
2025-09-14,3,219625.73
2025-09-15,3,179784.46
2025-09-16,3,121245.44
2025-09-17,3,160357.22
2025-09-18,3,133703.13
2025-09-19,3,119915.02
2025-09-20,3,199823.61
2025-09-21,3,249716.96
2025-09-22,3,143391.09
2025-09-23,3,149251.73
2025-09-24,3,130320.19
2025-09-25,3,177401.41
2025-09-26,3,223589.27
2025-09-27,3,213149.15
2025-09-28,3,217386.92
2025-09-29,3,155380.63
2025-09-30,3,195604.18
2025-10-01,3,172359.22
2025-10-02,3,145983.59
2025-10-03,3,154456.25
2025-10-04,3,161195.83
2025-10-05,3,185575.48
2025-10-06,3,174938.8
2025-10-07,3,104978.31
2025-10-08,3,165844.89
2025-10-09,3,117376.17
2025-10-10,3,146549.77
2025-10-11,3,253635.39
2025-10-12,3,246458.44
2025-10-13,3,160069.61
2025-10-14,3,186276.43
2025-10-15,3,172030.11
2025-10-16,3,162027.5
2025-10-17,3,137169.15
2025-10-18,3,217607.91
2025-10-19,3,193552.59
2025-10-20,3,171495.73
2025-10-21,3,141946.84
2025-10-22,3,215537.27
2025-10-23,3,155807.0
2025-10-24,3,136939.82
2025-10-25,3,145985.01
2025-10-26,3,220138.42
2025-10-27,3,142353.66
2025-10-28,3,122451.15
2025-10-29,3,178365.05
2025-10-30,3,166947.1
2025-10-31,3,144419.15
2025-11-01,3,399770.65
2025-11-02,3,399452.35
2025-11-03,3,236949.25
2024-11-08,4,52103.49
2024-11-09,4,42352.67
2024-11-10,4,60388.32
2024-11-11,4,44111.17
2024-11-12,4,51561.06
2024-11-13,4,58954.58
2024-11-14,4,52496.16
2024-11-15,4,83342.02
2024-11-16,4,54929.34
2024-11-17,4,56480.53
2024-11-18,4,57272.81
2024-11-19,4,73952.26
2024-11-20,4,42645.01
2024-11-21,4,66554.47
2024-11-22,4,55495.53
2024-11-23,4,61469.38
2024-11-24,4,66412.92
2024-11-25,4,65277.83
2024-11-26,4,66594.23
2024-11-27,4,47989.2
2024-11-28,4,51453.23
2024-11-29,4,97988.19
2024-11-30,4,49177.07
2024-12-01,4,66992.8
2024-12-02,4,61012.62
2024-12-03,4,62362.97
2024-12-04,4,45702.46
2024-12-05,4,57743.04
2024-12-06,4,58765.37
2024-12-07,4,62138.04
2024-12-08,4,57598.46
2024-12-09,4,52945.84
2024-12-10,4,46732.24
2024-12-11,4,49893.76
2024-12-12,4,52271.08
2024-12-13,4,47299.43
2024-12-14,4,63837.16
2024-12-15,4,68394.4
2024-12-16,4,68834.82
2024-12-17,4,64026.31
2024-12-18,4,58166.95
2024-12-19,4,68218.26
2024-12-20,4,59812.09
2024-12-21,4,58605.94
2024-12-22,4,52335.5
2024-12-23,4,55733.24
2024-12-24,4,65071.68
2024-12-25,4,48851.71
2024-12-26,4,54077.14
2024-12-27,4,67344.06
2024-12-28,4,59010.65
2024-12-29,4,74156.64
2024-12-30,4,62541.52
2024-12-31,4,60208.63
2025-01-01,4,44858.57
2025-01-02,4,32466.1
2025-01-03,4,44812.29
2025-01-04,4,39060.38
2025-01-05,4,36254.98
2025-01-06,4,31792.51
2025-01-07,4,35316.9
2025-01-08,4,35800.77
2025-01-09,4,29625.72
2025-01-10,4,31901.31
2025-01-11,4,38645.31
2025-01-12,4,37166.0
2025-01-13,4,41057.79
2025-01-14,4,36473.98
2025-01-15,4,52158.73
2025-01-16,4,39112.36
2025-01-17,4,33784.48
2025-01-18,4,48277.01
2025-01-19,4,33197.21
2025-01-20,4,38950.03
2025-01-21,4,35022.85
2025-01-22,4,41753.24
2025-01-23,4,44292.46
2025-01-24,4,36476.12
2025-01-25,4,54843.13
2025-01-26,4,58934.82
2025-01-27,4,45532.88
2025-01-28,4,47236.75
2025-01-29,4,40221.64
2025-01-30,4,41429.4
2025-01-31,4,55828.22
2025-02-01,4,67162.54
2025-02-02,4,46169.17
2025-02-03,4,38516.43
2025-02-04,4,39320.67
2025-02-05,4,40414.25
2025-02-06,4,42314.2
2025-02-07,4,34280.18
2025-02-08,4,44957.68
2025-02-09,4,53441.19
2025-02-10,4,24342.99
2025-02-11,4,31603.88
2025-02-12,4,36637.19
2025-02-13,4,34538.2
2025-02-14,4,39385.51
2025-02-15,4,56035.93
2025-02-16,4,52008.82
2025-02-17,4,29205.45
2025-02-18,4,44978.53
2025-02-19,4,44910.24
2025-02-20,4,35793.69
2025-02-21,4,39620.05
2025-02-22,4,44261.78
2025-02-23,4,54154.93
2025-02-24,4,45060.59
2025-02-25,4,46979.98
2025-02-26,4,44090.29
2025-02-27,4,50650.4
2025-02-28,4,47708.24
2025-03-01,4,51632.31
2025-03-02,4,39594.86
2025-03-03,4,48667.26
2025-03-04,4,53422.26
2025-03-05,4,44007.74
2025-03-06,4,55991.68
2025-03-07,4,34497.7
2025-03-08,4,50064.34
2025-03-09,4,47150.67
2025-03-10,4,51457.74
2025-03-11,4,61827.75
2025-03-12,4,39898.72
2025-03-13,4,36145.11
2025-03-14,4,31665.6
2025-03-15,4,58746.42
2025-03-16,4,38474.63
2025-03-17,4,27510.46
2025-03-18,4,43929.93
2025-03-19,4,52019.36
2025-03-20,4,55540.2
2025-03-21,4,38441.61
2025-03-22,4,43880.8
2025-03-23,4,56389.21
2025-03-24,4,31727.09
2025-03-25,4,53943.53
2025-03-26,4,46693.84
2025-03-27,4,54708.74
2025-03-28,4,54813.64
2025-03-29,4,53189.65
2025-03-30,4,67705.89
2025-03-31,4,56349.49
2025-04-01,4,54616.0
2025-04-02,4,38523.79
2025-04-03,4,34235.75
2025-04-04,4,48164.23
2025-04-05,4,52227.69
2025-04-06,4,53330.85
2025-04-07,4,44759.42
2025-04-08,4,42522.56
2025-04-09,4,58888.09
2025-04-10,4,55966.58
2025-04-11,4,39925.41
2025-04-12,4,55831.84
2025-04-13,4,52645.22
2025-04-14,4,62479.55
2025-04-15,4,55253.8
2025-04-16,4,38773.73
2025-04-17,4,53016.84
2025-04-18,4,40425.22
2025-04-19,4,63606.62
2025-04-20,4,46266.51
2025-04-21,4,57407.74
2025-04-22,4,56546.64
2025-04-23,4,46608.99
2025-04-24,4,54272.2
2025-04-25,4,50384.69
2025-04-26,4,51012.59
2025-04-27,4,50502.52
2025-04-28,4,51915.43
2025-04-29,4,52889.48
2025-04-30,4,52346.56
2025-05-01,4,58672.61
2025-05-02,4,38063.19
2025-05-03,4,47643.4
2025-05-04,4,46449.7
2025-05-05,4,39560.38
2025-05-06,4,45043.35
2025-05-07,4,42746.72
2025-05-08,4,48380.7
2025-05-09,4,38794.15
2025-05-10,4,52972.62
2025-05-11,4,49282.72
2025-05-12,4,46506.86
2025-05-13,4,25152.38
2025-05-14,4,50821.16
2025-05-15,4,62614.33
2025-05-16,4,42921.26
2025-05-17,4,43836.77
2025-05-18,4,39782.01
2025-05-19,4,48411.92
2025-05-20,4,52566.96
2025-05-21,4,39470.01
2025-05-22,4,44093.62
2025-05-23,4,53126.22
2025-05-24,4,60284.57
2025-05-25,4,49222.61
2025-05-26,4,43970.52
2025-05-27,4,55997.01
2025-05-28,4,63774.27
2025-05-29,4,45318.79
2025-05-30,4,46965.49
2025-05-31,4,46186.86
2025-06-01,4,60410.14
2025-06-02,4,41040.09
2025-06-03,4,38505.04
2025-06-04,4,45779.31
2025-06-05,4,44454.94
2025-06-06,4,51222.86
2025-06-07,4,40296.15
2025-06-08,4,37641.3
2025-06-09,4,40051.86
2025-06-10,4,44799.77
2025-06-11,4,35787.15
2025-06-12,4,45712.97
2025-06-13,4,51737.75
2025-06-14,4,45732.78
2025-06-15,4,49080.98
2025-06-16,4,48194.87
2025-06-17,4,45449.49
2025-06-18,4,46706.55
2025-06-19,4,34076.0
2025-06-20,4,39234.11
2025-06-21,4,46681.82
2025-06-22,4,36799.57
2025-06-23,4,48070.66
2025-06-24,4,44934.03
2025-06-25,4,46698.89
2025-06-26,4,59349.86
2025-06-27,4,43884.22
2025-06-28,4,44039.06
2025-06-29,4,59931.93
2025-06-30,4,55501.42
2025-07-01,4,51195.05
2025-07-02,4,50731.51
2025-07-03,4,37290.36
2025-07-04,4,36809.58
2025-07-05,4,38147.82
2025-07-06,4,61756.35
2025-07-07,4,43299.47
2025-07-08,4,42428.06
2025-07-09,4,50596.14
2025-07-10,4,43122.07
2025-07-11,4,46723.9
2025-07-12,4,39000.05
2025-07-13,4,56974.03
2025-07-14,4,49621.27
2025-07-15,4,42171.0
2025-07-16,4,46297.72
2025-07-17,4,46482.25
2025-07-18,4,40813.13
2025-07-19,4,45303.32
2025-07-20,4,54720.5
2025-07-21,4,33776.95
2025-07-22,4,39506.9
2025-07-23,4,37108.19
2025-07-24,4,46329.07
2025-07-25,4,45831.79
2025-07-26,4,60733.23
2025-07-27,4,41516.65
2025-07-28,4,41478.07
2025-07-29,4,42905.87
2025-07-30,4,43019.23
2025-07-31,4,34947.12
2025-08-01,4,53157.6
2025-08-02,4,38238.93
2025-08-03,4,51137.52
2025-08-04,4,42922.29
2025-08-05,4,40492.49
2025-08-06,4,54371.28
2025-08-07,4,56641.7
2025-08-08,4,37372.03
2025-08-09,4,59121.85
2025-08-10,4,46117.62
2025-08-11,4,43450.55
2025-08-12,4,37253.08
2025-08-13,4,56794.7
2025-08-14,4,41150.13
2025-08-15,4,57935.9
2025-08-16,4,53970.73
2025-08-17,4,43111.64
2025-08-18,4,53949.13
2025-08-19,4,41873.66
2025-08-20,4,40556.82
2025-08-21,4,46513.46
2025-08-22,4,39216.79
2025-08-23,4,51887.83
2025-08-24,4,53606.32
2025-08-25,4,52864.6
2025-08-26,4,58391.25
2025-08-27,4,49552.13
2025-08-28,4,48970.8
2025-08-29,4,55188.8
2025-08-30,4,50843.93
2025-08-31,4,57859.21
2025-09-01,4,52740.28
2025-09-02,4,48480.49
2025-09-03,4,57349.94
2025-09-04,4,47871.75
2025-09-05,4,55281.86
2025-09-06,4,42165.04
2025-09-07,4,63692.29
2025-09-08,4,52146.42
2025-09-09,4,45999.6
2025-09-10,4,58103.22
2025-09-11,4,54149.24
2025-09-12,4,55148.08
2025-09-13,4,52009.82
2025-09-14,4,57380.68
2025-09-15,4,47961.81
2025-09-16,4,50634.57
2025-09-17,4,43361.9
2025-09-18,4,42698.87
2025-09-19,4,33610.43
2025-09-20,4,50473.16
2025-09-21,4,58339.82
2025-09-22,4,44489.26
2025-09-23,4,44332.79
2025-09-24,4,42279.24
2025-09-25,4,54996.32
2025-09-26,4,58651.15
2025-09-27,4,50051.59
2025-09-28,4,46920.54
2025-09-29,4,50052.7
2025-09-30,4,62511.54
2025-10-01,4,54448.96
2025-10-02,4,45345.59
2025-10-03,4,48209.16
2025-10-04,4,61596.56
2025-10-05,4,40300.03
2025-10-06,4,47113.64
2025-10-07,4,44782.11
2025-10-08,4,45348.71
2025-10-09,4,46936.95
2025-10-10,4,36268.82
2025-10-11,4,38515.13
2025-10-12,4,49505.07
2025-10-13,4,49958.8
2025-10-14,4,38601.72
2025-10-15,4,59372.39
2025-10-16,4,42089.9
2025-10-17,4,40085.48
2025-10-18,4,55976.94
2025-10-19,4,58626.92
2025-10-20,4,52137.24
2025-10-21,4,47076.39
2025-10-22,4,60578.43
2025-10-23,4,52220.96
2025-10-24,4,35900.68
2025-10-25,4,58448.97
2025-10-26,4,74361.78
2025-10-27,4,61868.48
2025-10-28,4,55410.35
2025-10-29,4,47476.34
2025-10-30,4,49222.44
2025-10-31,4,55736.93
2025-11-01,4,72871.97
2025-11-02,4,63684.89
2025-11-03,4,48250.71
2024-11-08,5,74831.36
2024-11-09,5,41046.85
2024-11-10,5,44039.36
2024-11-11,5,48446.71
2024-11-12,5,56319.7
2024-11-13,5,69856.32
2024-11-14,5,67873.67
2024-11-15,5,76612.44
2024-11-16,5,55045.82
2024-11-17,5,50549.83
2024-11-18,5,62837.27
2024-11-19,5,58754.32
2024-11-20,5,51510.88
2024-11-21,5,53391.98
2024-11-22,5,62858.44
2024-11-23,5,50527.71
2024-11-24,5,55394.11
2024-11-25,5,69710.69
2024-11-26,5,67242.89
2024-11-27,5,71809.34
2024-11-28,5,80877.99
2024-11-29,5,79531.2
2024-11-30,5,51719.84
2024-12-01,5,42121.83
2024-12-02,5,56189.87
2024-12-03,5,71997.22
2024-12-04,5,75314.13
2024-12-05,5,61133.45
2024-12-06,5,63050.0
2024-12-07,5,42381.5
2024-12-08,5,54392.52
2024-12-09,5,53074.65
2024-12-10,5,69349.21
2024-12-11,5,56225.33
2024-12-12,5,68283.26
2024-12-13,5,59513.0
2024-12-14,5,64032.1
2024-12-15,5,63601.44
2024-12-16,5,71203.42
2024-12-17,5,60547.59
2024-12-18,5,46577.91
2024-12-19,5,66356.79
2024-12-20,5,75279.69
2024-12-21,5,51061.5
2024-12-22,5,47622.96
2024-12-23,5,59480.62
2024-12-24,5,65732.25
2024-12-25,5,62827.2
2024-12-26,5,58750.04
2024-12-27,5,62784.73
2024-12-28,5,50844.54
2024-12-29,5,42071.65
2024-12-30,5,80076.92
2024-12-31,5,73448.37
2025-01-01,5,61895.12
2025-01-02,5,46879.16
2025-01-03,5,51187.38
2025-01-04,5,43220.6
2025-01-05,5,39719.37
2025-01-06,5,47517.13
2025-01-07,5,39810.4
2025-01-08,5,39652.62
2025-01-09,5,27838.08
2025-01-10,5,64795.69
2025-01-11,5,35969.58
2025-01-12,5,42649.16
2025-01-13,5,45064.72
2025-01-14,5,49037.01
2025-01-15,5,40188.09
2025-01-16,5,48908.46
2025-01-17,5,48123.36
2025-01-18,5,27072.7
2025-01-19,5,31925.35
2025-01-20,5,54809.28
2025-01-21,5,51110.44
2025-01-22,5,52597.88
2025-01-23,5,46472.62
2025-01-24,5,55555.99
2025-01-25,5,43540.86
2025-01-26,5,40299.16
2025-01-27,5,61700.44
2025-01-28,5,48619.53
2025-01-29,5,49309.17
2025-01-30,5,56067.83
2025-01-31,5,49588.29
2025-02-01,5,50891.97
2025-02-02,5,36462.47
2025-02-03,5,51276.46
2025-02-04,5,43619.38
2025-02-05,5,57728.24
2025-02-06,5,37771.87
2025-02-07,5,45058.33
2025-02-08,5,41005.67
2025-02-09,5,38118.67
2025-02-10,5,52260.42
2025-02-11,5,45200.49
2025-02-12,5,42744.61
2025-02-13,5,53027.54
2025-02-14,5,42181.93
2025-02-15,5,47016.5
2025-02-16,5,38659.17
2025-02-17,5,57104.24
2025-02-18,5,52161.54
2025-02-19,5,46420.97
2025-02-20,5,44305.08
2025-02-21,5,46247.9
2025-02-22,5,49115.78
2025-02-23,5,42281.08
2025-02-24,5,58204.44
2025-02-25,5,63354.84
2025-02-26,5,66621.19
2025-02-27,5,61679.83
2025-02-28,5,59882.78
2025-03-01,5,62576.11
2025-03-02,5,33486.24
2025-03-03,5,49208.57
2025-03-04,5,48108.39
2025-03-05,5,50400.69
2025-03-06,5,50201.13
2025-03-07,5,38551.68
2025-03-08,5,45117.78
2025-03-09,5,52006.44
2025-03-10,5,48515.59
2025-03-11,5,55675.09
2025-03-12,5,55232.49
2025-03-13,5,49971.52
2025-03-14,5,45020.02
2025-03-15,5,49939.43
2025-03-16,5,34978.6
2025-03-17,5,50493.48
2025-03-18,5,51342.92
2025-03-19,5,60592.89
2025-03-20,5,58794.77
2025-03-21,5,46362.98
2025-03-22,5,41870.31
2025-03-23,5,54087.89
2025-03-24,5,53174.66
2025-03-25,5,67908.12
2025-03-26,5,74998.21
2025-03-27,5,61936.4
2025-03-28,5,74603.04
2025-03-29,5,63707.66
2025-03-30,5,46411.4
2025-03-31,5,55487.34
2025-04-01,5,67897.36
2025-04-02,5,70547.84
2025-04-03,5,59237.2
2025-04-04,5,61320.16
2025-04-05,5,53851.74
2025-04-06,5,33687.2
2025-04-07,5,48939.62
2025-04-08,5,46154.85
2025-04-09,5,53491.1
2025-04-10,5,52592.56
2025-04-11,5,55934.48
2025-04-12,5,39752.57
2025-04-13,5,44159.85
2025-04-14,5,56603.67
2025-04-15,5,82125.26
2025-04-16,5,65041.56
2025-04-17,5,57337.12
2025-04-18,5,59239.74
2025-04-19,5,51306.73
2025-04-20,5,48876.15
2025-04-21,5,54839.79
2025-04-22,5,54138.29
2025-04-23,5,63045.38
2025-04-24,5,68301.3
2025-04-25,5,63663.68
2025-04-26,5,39926.05
2025-04-27,5,36367.44
2025-04-28,5,56528.99
2025-04-29,5,78545.94
2025-04-30,5,64850.11
2025-05-01,5,56955.32
2025-05-02,5,62998.02
2025-05-03,5,43113.56
2025-05-04,5,41966.97
2025-05-05,5,44816.62
2025-05-06,5,54271.01
2025-05-07,5,54114.76
2025-05-08,5,48500.78
2025-05-09,5,64082.92
2025-05-10,5,46033.13
2025-05-11,5,32297.99
2025-05-12,5,59299.26
2025-05-13,5,54845.65
2025-05-14,5,62863.28
2025-05-15,5,72374.31
2025-05-16,5,39377.68
2025-05-17,5,49474.53
2025-05-18,5,24071.22
2025-05-19,5,58237.43
2025-05-20,5,52294.87
2025-05-21,5,57166.13
2025-05-22,5,62964.53
2025-05-23,5,55004.36
2025-05-24,5,48106.57
2025-05-25,5,41572.36
2025-05-26,5,61081.16
2025-05-27,5,70037.18
2025-05-28,5,64813.17
2025-05-29,5,62270.37
2025-05-30,5,75409.6
2025-05-31,5,58093.87
2025-06-01,5,50760.57
2025-06-02,5,48885.8
2025-06-03,5,55587.89
2025-06-04,5,49796.41
2025-06-05,5,68706.57
2025-06-06,5,37620.99
2025-06-07,5,39247.88
2025-06-08,5,40614.22
2025-06-09,5,31839.47
2025-06-10,5,54974.91
2025-06-11,5,57574.59
2025-06-12,5,47567.01
2025-06-13,5,57347.9
2025-06-14,5,39789.41
2025-06-15,5,55694.59
2025-06-16,5,40353.66
2025-06-17,5,35373.17
2025-06-18,5,61748.61
2025-06-19,5,47318.15
2025-06-20,5,61007.61
2025-06-21,5,40355.39
2025-06-22,5,43099.57
2025-06-23,5,58609.32
2025-06-24,5,60458.35
2025-06-25,5,59875.22
2025-06-26,5,55554.13
2025-06-27,5,54859.41
2025-06-28,5,42566.33
2025-06-29,5,38417.98
2025-06-30,5,60316.33
2025-07-01,5,73055.67
2025-07-02,5,56026.63
2025-07-03,5,55130.14
2025-07-04,5,48978.89
2025-07-05,5,57015.51
2025-07-06,5,53530.95
2025-07-07,5,45232.72
2025-07-08,5,72790.47
2025-07-09,5,41910.4
2025-07-10,5,58899.58
2025-07-11,5,47356.69
2025-07-12,5,45554.44
2025-07-13,5,50599.13
2025-07-14,5,44157.59
2025-07-15,5,56419.33
2025-07-16,5,56930.78
2025-07-17,5,44345.45
2025-07-18,5,54876.02
2025-07-19,5,43893.3
2025-07-20,5,43363.16
2025-07-21,5,55131.45
2025-07-22,5,67631.78
2025-07-23,5,49623.36
2025-07-24,5,54141.36
2025-07-25,5,49897.12
2025-07-26,5,44346.28
2025-07-27,5,46222.82
2025-07-28,5,53147.43
2025-07-29,5,56846.11
2025-07-30,5,59035.07
2025-07-31,5,57573.89
2025-08-01,5,84867.29
2025-08-02,5,45430.72
2025-08-03,5,39261.74
2025-08-04,5,59412.24
2025-08-05,5,36534.59
2025-08-06,5,56165.37
2025-08-07,5,54624.52
2025-08-08,5,50583.49
2025-08-09,5,42715.0
2025-08-10,5,38131.01
2025-08-11,5,63221.71
2025-08-12,5,55702.98
2025-08-13,5,64368.87
2025-08-14,5,39223.9
2025-08-15,5,76303.82
2025-08-16,5,37717.34
2025-08-17,5,41270.2
2025-08-18,5,50185.31
2025-08-19,5,39574.63
2025-08-20,5,55486.62
2025-08-21,5,64562.36
2025-08-22,5,45082.27
2025-08-23,5,45486.74
2025-08-24,5,51923.51
2025-08-25,5,62353.82
2025-08-26,5,78899.45
2025-08-27,5,66940.44
2025-08-28,5,45134.98
2025-08-29,5,67742.06
2025-08-30,5,49760.05
2025-08-31,5,45996.64
2025-09-01,5,55167.08
2025-09-02,5,45894.72
2025-09-03,5,73823.63
2025-09-04,5,47143.39
2025-09-05,5,41332.86
2025-09-06,5,38410.78
2025-09-07,5,50649.13
2025-09-08,5,58640.78
2025-09-09,5,47731.19
2025-09-10,5,56909.43
2025-09-11,5,64654.14
2025-09-12,5,49821.2
2025-09-13,5,55064.19
2025-09-14,5,55623.84
2025-09-15,5,70772.61
2025-09-16,5,68116.17
2025-09-17,5,46532.45
2025-09-18,5,50101.06
2025-09-19,5,40200.39
2025-09-20,5,53576.12
2025-09-21,5,51298.94
2025-09-22,5,59171.11
2025-09-23,5,58596.8
2025-09-24,5,50461.55
2025-09-25,5,65646.25
2025-09-26,5,51027.18
2025-09-27,5,46974.67
2025-09-28,5,63470.54
2025-09-29,5,63745.8
2025-09-30,5,59822.07
2025-10-01,5,74024.84
2025-10-02,5,57664.54
2025-10-03,5,48436.65
2025-10-04,5,40160.24
2025-10-05,5,48481.05
2025-10-06,5,45829.46
2025-10-07,5,60284.48
2025-10-08,5,56889.87
2025-10-09,5,48273.15
2025-10-10,5,65226.57
2025-10-11,5,37575.7
2025-10-12,5,38852.97
2025-10-13,5,46867.12
2025-10-14,5,42271.89
2025-10-15,5,63625.39
2025-10-16,5,58669.38
2025-10-17,5,64840.07
2025-10-18,5,43573.06
2025-10-19,5,60402.25
2025-10-20,5,50283.1
2025-10-21,5,58498.55
2025-10-22,5,53503.05
2025-10-23,5,62078.62
2025-10-24,5,49103.88
2025-10-25,5,46152.81
2025-10-26,5,52705.15
2025-10-27,5,69556.37
2025-10-28,5,43557.86
2025-10-29,5,64967.83
2025-10-30,5,61690.87
2025-10-31,5,69464.08
2025-11-01,5,56870.92
2025-11-02,5,55922.0
2025-11-03,5,75099.69
2024-11-08,6,108723.73
2024-11-09,6,91886.28
2024-11-10,6,83910.58
2024-11-11,6,100379.1
2024-11-12,6,112960.41
2024-11-13,6,111119.97
2024-11-14,6,117335.01
2024-11-15,6,116408.77
2024-11-16,6,92077.19
2024-11-17,6,91186.14
2024-11-18,6,96411.23
2024-11-19,6,101910.13
2024-11-20,6,89217.9
2024-11-21,6,92789.85
2024-11-22,6,108934.16
2024-11-23,6,78347.35
2024-11-24,6,93183.23
2024-11-25,6,136571.63
2024-11-26,6,124133.6
2024-11-27,6,91173.23
2024-11-28,6,129848.63
2024-11-29,6,123080.59
2024-11-30,6,117395.81
2024-12-01,6,112755.26
2024-12-02,6,87945.06
2024-12-03,6,87150.33
2024-12-04,6,76584.18
2024-12-05,6,91864.79
2024-12-06,6,88393.02
2024-12-07,6,80376.62
2024-12-08,6,98457.82
2024-12-09,6,128101.16
2024-12-10,6,95349.29
2024-12-11,6,100893.73
2024-12-12,6,95160.9
2024-12-13,6,103375.03
2024-12-14,6,77649.79
2024-12-15,6,140556.37
2024-12-16,6,90638.31
2024-12-17,6,98187.09
2024-12-18,6,116186.02
2024-12-19,6,117516.24
2024-12-20,6,77316.02
2024-12-21,6,75378.83
2024-12-22,6,74123.62
2024-12-23,6,94268.32
2024-12-24,6,102052.03
2024-12-25,6,93934.71
2024-12-26,6,108923.74
2024-12-27,6,103932.16
2024-12-28,6,112346.76
2024-12-29,6,101640.36
2024-12-30,6,102422.4
2024-12-31,6,101966.72
2025-01-01,6,74655.42
2025-01-02,6,79780.93
2025-01-03,6,85463.5
2025-01-04,6,52985.67
2025-01-05,6,73527.17
2025-01-06,6,70690.14
2025-01-07,6,62547.16
2025-01-08,6,47925.43
2025-01-09,6,63230.81
2025-01-10,6,64316.28
2025-01-11,6,70318.74
2025-01-12,6,68318.32
2025-01-13,6,60165.78
2025-01-14,6,51786.23
2025-01-15,6,99965.46
2025-01-16,6,47396.51
2025-01-17,6,54394.31
2025-01-18,6,46362.64
2025-01-19,6,66442.9
2025-01-20,6,57025.88
2025-01-21,6,48734.73
2025-01-22,6,68140.91
2025-01-23,6,70266.85
2025-01-24,6,55195.32
2025-01-25,6,76526.51
2025-01-26,6,63192.37
2025-01-27,6,70959.29
2025-01-28,6,67473.19
2025-01-29,6,80272.77
2025-01-30,6,76990.48
2025-01-31,6,75773.47
2025-02-01,6,83645.98
2025-02-02,6,58637.65
2025-02-03,6,84436.12
2025-02-04,6,65605.99
2025-02-05,6,63121.26
2025-02-06,6,72092.87
2025-02-07,6,67116.53
2025-02-08,6,68814.02
2025-02-09,6,51513.7
2025-02-10,6,67818.44
2025-02-11,6,64007.1
2025-02-12,6,69225.32
2025-02-13,6,69823.83
2025-02-14,6,59122.84
2025-02-15,6,73010.02
2025-02-16,6,66386.59
2025-02-17,6,76947.12
2025-02-18,6,36510.81
2025-02-19,6,68311.7
2025-02-20,6,60410.22
2025-02-21,6,63394.06
2025-02-22,6,56173.66
2025-02-23,6,61640.96
2025-02-24,6,52788.07
2025-02-25,6,59812.65
2025-02-26,6,63998.57
2025-02-27,6,69740.37
2025-02-28,6,76404.73
2025-03-01,6,64498.35
2025-03-02,6,71959.81
2025-03-03,6,67542.36
2025-03-04,6,99132.93
2025-03-05,6,59589.72
2025-03-06,6,63583.99
2025-03-07,6,79208.14
2025-03-08,6,53186.14
2025-03-09,6,68934.88
2025-03-10,6,60023.63
2025-03-11,6,73887.49
2025-03-12,6,74897.41
2025-03-13,6,72896.57
2025-03-14,6,81749.2
2025-03-15,6,80546.87
2025-03-16,6,65224.25
2025-03-17,6,79407.8
2025-03-18,6,65045.97
2025-03-19,6,69511.0
2025-03-20,6,67375.7
2025-03-21,6,81037.34
2025-03-22,6,64960.32
2025-03-23,6,72641.84
2025-03-24,6,71885.85
2025-03-25,6,95757.48
2025-03-26,6,86525.2
2025-03-27,6,70410.64
2025-03-28,6,78360.93
2025-03-29,6,72971.74
2025-03-30,6,107412.03
2025-03-31,6,86206.34
2025-04-01,6,92037.93
2025-04-02,6,92361.49
2025-04-03,6,69007.12
2025-04-04,6,88803.0
2025-04-05,6,64754.87
2025-04-06,6,62143.34
2025-04-07,6,65884.66
2025-04-08,6,42134.81
2025-04-09,6,90467.36
2025-04-10,6,57414.1
2025-04-11,6,58819.37
2025-04-12,6,77928.35
2025-04-13,6,81798.73
2025-04-14,6,71026.88
2025-04-15,6,93428.42
2025-04-16,6,92114.81
2025-04-17,6,72087.32
2025-04-18,6,77020.3
2025-04-19,6,66281.14
2025-04-20,6,73730.6
2025-04-21,6,71589.23
2025-04-22,6,73100.76
2025-04-23,6,80637.31
2025-04-24,6,89792.79
2025-04-25,6,108179.72
2025-04-26,6,76657.34
2025-04-27,6,78964.33
2025-04-28,6,66666.32
2025-04-29,6,97852.86
2025-04-30,6,91967.61
2025-05-01,6,95276.62
2025-05-02,6,79805.94
2025-05-03,6,75709.43
2025-05-04,6,75394.06
2025-05-05,6,68334.78
2025-05-06,6,70837.38
2025-05-07,6,80036.82
2025-05-08,6,68015.46
2025-05-09,6,97031.41
2025-05-10,6,63534.56
2025-05-11,6,80276.96
2025-05-12,6,82258.68
2025-05-13,6,70629.17
2025-05-14,6,80772.21
2025-05-15,6,108798.99
2025-05-16,6,77399.55
2025-05-17,6,65537.51
2025-05-18,6,69361.48
2025-05-19,6,69274.16
2025-05-20,6,76745.9
2025-05-21,6,77177.89
2025-05-22,6,88906.47
2025-05-23,6,81763.58
2025-05-24,6,55969.31
2025-05-25,6,96751.87
2025-05-26,6,73385.6
2025-05-27,6,95541.53
2025-05-28,6,86908.36
2025-05-29,6,64991.24
2025-05-30,6,93465.13
2025-05-31,6,76740.65
2025-06-01,6,75858.53
2025-06-02,6,77540.16
2025-06-03,6,71454.64
2025-06-04,6,71242.43
2025-06-05,6,68609.91
2025-06-06,6,82017.8
2025-06-07,6,70726.53
2025-06-08,6,72990.12
2025-06-09,6,73376.26
2025-06-10,6,66042.74
2025-06-11,6,58972.26
2025-06-12,6,86451.58
2025-06-13,6,55185.83
2025-06-14,6,81392.69
2025-06-15,6,89521.74
2025-06-16,6,67434.25
2025-06-17,6,82975.82
2025-06-18,6,74042.12
2025-06-19,6,87641.71
2025-06-20,6,86730.84
2025-06-21,6,55235.03
2025-06-22,6,64792.01
2025-06-23,6,58977.94
2025-06-24,6,83749.99
2025-06-25,6,79794.58
2025-06-26,6,85175.92
2025-06-27,6,84879.93
2025-06-28,6,74163.4
2025-06-29,6,81408.51
2025-06-30,6,58343.52
2025-07-01,6,93605.37
2025-07-02,6,77098.89
2025-07-03,6,67899.15
2025-07-04,6,68096.23
2025-07-05,6,68289.53
2025-07-06,6,67872.6
2025-07-07,6,66888.42
2025-07-08,6,59365.85
2025-07-09,6,69080.64
2025-07-10,6,47236.37
2025-07-11,6,69277.89
2025-07-12,6,70553.6
2025-07-13,6,70837.96
2025-07-14,6,75502.85
2025-07-15,6,109359.18
2025-07-16,6,61114.53
2025-07-17,6,50274.44
2025-07-18,6,74628.92
2025-07-19,6,77892.96
2025-07-20,6,74177.44
2025-07-21,6,48805.97
2025-07-22,6,71289.5
2025-07-23,6,74908.74
2025-07-24,6,58948.54
2025-07-25,6,89591.01
2025-07-26,6,71570.52
2025-07-27,6,71072.41
2025-07-28,6,66007.42
2025-07-29,6,85638.3
2025-07-30,6,74126.1
2025-07-31,6,92325.02
2025-08-01,6,89896.97
2025-08-02,6,56389.81
2025-08-03,6,65165.94
2025-08-04,6,88826.03
2025-08-05,6,51142.12
2025-08-06,6,51031.13
2025-08-07,6,70227.34
2025-08-08,6,79032.6
2025-08-09,6,66850.09
2025-08-10,6,77172.42
2025-08-11,6,69751.93
2025-08-12,6,41349.72
2025-08-13,6,62554.2
2025-08-14,6,74227.87
2025-08-15,6,97810.18
2025-08-16,6,68284.49
2025-08-17,6,86612.84
2025-08-18,6,86681.76
2025-08-19,6,70629.14
2025-08-20,6,80027.32
2025-08-21,6,71217.13
2025-08-22,6,70548.59
2025-08-23,6,74513.82
2025-08-24,6,68921.14
2025-08-25,6,91678.7
2025-08-26,6,100101.02
2025-08-27,6,89503.44
2025-08-28,6,103305.54
2025-08-29,6,82787.39
2025-08-30,6,67184.72
2025-08-31,6,82933.43
2025-09-01,6,104662.89
2025-09-02,6,71278.62
2025-09-03,6,68051.53
2025-09-04,6,67383.8
2025-09-05,6,69099.96
2025-09-06,6,80152.39
2025-09-07,6,54793.91
2025-09-08,6,66751.99
2025-09-09,6,66987.52
2025-09-10,6,82273.01
2025-09-11,6,76510.84
2025-09-12,6,71759.56
2025-09-13,6,57926.74
2025-09-14,6,67496.82
2025-09-15,6,81036.54
2025-09-16,6,81458.3
2025-09-17,6,88837.51
2025-09-18,6,73136.65
2025-09-19,6,59751.22
2025-09-20,6,85797.87
2025-09-21,6,61790.03
2025-09-22,6,91752.52
2025-09-23,6,46512.23
2025-09-24,6,73345.96
2025-09-25,6,104162.38
2025-09-26,6,90037.01
2025-09-27,6,63010.52
2025-09-28,6,99716.56
2025-09-29,6,72528.42
2025-09-30,6,85419.62
2025-10-01,6,120963.1
2025-10-02,6,74313.71
2025-10-03,6,79774.43
2025-10-04,6,55614.47
2025-10-05,6,59274.43
2025-10-06,6,74596.96
2025-10-07,6,76384.63
2025-10-08,6,87086.08
2025-10-09,6,63004.86
2025-10-10,6,70542.42
2025-10-11,6,77697.23
2025-10-12,6,78455.1
2025-10-13,6,71803.26
2025-10-14,6,67881.51
2025-10-15,6,91182.62
2025-10-16,6,65711.4
2025-10-17,6,60848.98
2025-10-18,6,68237.85
2025-10-19,6,70180.85
2025-10-20,6,78741.83
2025-10-21,6,75443.78
2025-10-22,6,73803.71
2025-10-23,6,65682.79
2025-10-24,6,80864.4
2025-10-25,6,81457.04
2025-10-26,6,77365.59
2025-10-27,6,79096.59
2025-10-28,6,85136.47
2025-10-29,6,103111.16
2025-10-30,6,88993.96
2025-10-31,6,96739.71
2025-11-01,6,114118.24
2025-11-02,6,69020.09
2025-11-03,6,109612.86
